{"cameraMode":{"drawMode":0,"name":"Shaded","section":"Shading Mode"},"sceneLighting":false,"audioPlay":false,"sceneViewState":{"showFog":true,"showMaterialUpdate":false,"showSkybox":false,"showFlares":true,"showImageEffects":true,"showParticleSystems":true},"in2DMode":false,"pivot":{"x":-0.07238221913576126,"y":0.060956381261348727,"z":-0.060602061450481418},"rotation":{"x":-0.19790293276309968,"y":-0.2689366638660431,"z":0.056566398590803149,"w":-0.9409106969833374},"size":0.07416367530822754,"orthographic":false}