{"cameraMode":{"drawMode":0,"name":"Shaded","section":"Shading Mode"},"sceneLighting":false,"audioPlay":false,"sceneViewState":{"showFog":true,"showMaterialUpdate":false,"showSkybox":true,"showFlares":true,"showImageEffects":true,"showParticleSystems":true},"in2DMode":false,"pivot":{"x":6.780917644500732,"y":4.817399978637695,"z":-11.118782043457032},"rotation":{"x":-0.07056097686290741,"y":0.9180776476860046,"z":-0.1902264505624771,"w":-0.3405439555644989},"size":1.5337088108062745,"orthographic":false}