{"cameraMode":{"drawMode":0,"name":"Shaded","section":"Shading Mode"},"sceneLighting":false,"audioPlay":false,"sceneViewState":{"showFog":true,"showMaterialUpdate":false,"showSkybox":false,"showFlares":true,"showImageEffects":true,"showParticleSystems":true},"in2DMode":false,"pivot":{"x":-9.100000381469727,"y":5.519999980926514,"z":-4.489999771118164},"rotation":{"x":-0.09908933192491532,"y":0.889995276927948,"z":-0.2322937250137329,"w":-0.3796446621417999},"size":0.14289383590221406,"orthographic":false}