{"cameraMode":{"drawMode":0,"name":"Shaded","section":"Shading Mode"},"sceneLighting":false,"audioPlay":false,"sceneViewState":{"showFog":true,"showMaterialUpdate":false,"showSkybox":true,"showFlares":true,"showImageEffects":true,"showParticleSystems":true},"in2DMode":false,"pivot":{"x":-17.8348331451416,"y":-2.4976625442504885,"z":-3.6088380813598635},"rotation":{"x":0.12442798167467118,"y":-0.5418594479560852,"z":0.08227697759866715,"w":0.8273385167121887},"size":32.990726470947269,"orthographic":false}