{"cameraMode":{"drawMode":0,"name":"Shaded","section":"Shading Mode"},"sceneLighting":true,"audioPlay":false,"sceneViewState":{"showFog":true,"showMaterialUpdate":false,"showSkybox":true,"showFlares":true,"showImageEffects":true,"showParticleSystems":true},"in2DMode":false,"pivot":{"x":-2.5273141860961916,"y":6.337911128997803,"z":-6.805807113647461},"rotation":{"x":0.00009605814557289705,"y":0.9632843136787415,"z":-0.26908916234970095,"w":-0.0013022207422181965},"size":0.7428964376449585,"orthographic":false}