{"cameraMode":{"drawMode":0,"name":"Shaded","section":"Shading Mode"},"sceneLighting":false,"audioPlay":false,"sceneViewState":{"showFog":true,"showMaterialUpdate":false,"showSkybox":false,"showFlares":true,"showImageEffects":true,"showParticleSystems":true},"in2DMode":false,"pivot":{"x":-0.4764857292175293,"y":1.0731829404830933,"z":-1.829569935798645},"rotation":{"x":0.04113776609301567,"y":-0.8271484971046448,"z":0.061203982681035998,"w":0.5571784973144531},"size":4.6806464195251469,"orthographic":false}