{"cameraMode":{"drawMode":0,"name":"Shaded","section":"Shading Mode"},"sceneLighting":false,"audioPlay":false,"sceneViewState":{"showFog":true,"showMaterialUpdate":false,"showSkybox":true,"showFlares":true,"showImageEffects":true,"showParticleSystems":true},"in2DMode":false,"pivot":{"x":0.7269999980926514,"y":1.565676212310791,"z":-11.876999855041504},"rotation":{"x":-0.15214574337005616,"y":0.7281152009963989,"z":-0.17148952186107636,"w":-0.6459856033325195},"size":0.11685222387313843,"orthographic":false}