{"cameraMode":{"drawMode":0,"name":"Shaded","section":"Shading Mode"},"sceneLighting":false,"audioPlay":false,"sceneViewState":{"showFog":true,"showMaterialUpdate":false,"showSkybox":true,"showFlares":true,"showImageEffects":true,"showParticleSystems":true},"in2DMode":false,"pivot":{"x":0.06665515899658203,"y":-1.5198111534118653,"z":2.1961591243743898},"rotation":{"x":0.2986994683742523,"y":-0.6493021249771118,"z":0.30910980701446535,"w":0.6274614930152893},"size":15.490987777709961,"orthographic":false}