{"cameraMode":{"drawMode":0,"name":"Shaded","section":"Shading Mode"},"sceneLighting":false,"audioPlay":false,"sceneViewState":{"showFog":true,"showMaterialUpdate":false,"showSkybox":true,"showFlares":true,"showImageEffects":true,"showParticleSystems":true},"in2DMode":false,"pivot":{"x":6.675490379333496,"y":7.784006118774414,"z":-11.164843559265137},"rotation":{"x":0.05672634765505791,"y":-0.9187589883804321,"z":0.36356911063194277,"w":0.1433628350496292},"size":0.7168523669242859,"orthographic":false}