{"cameraMode":{"drawMode":0,"name":"Shaded","section":"Shading Mode"},"sceneLighting":false,"audioPlay":false,"sceneViewState":{"showFog":true,"showMaterialUpdate":false,"showSkybox":true,"showFlares":true,"showImageEffects":true,"showParticleSystems":true},"in2DMode":false,"pivot":{"x":0.24090836942195893,"y":0.7783352732658386,"z":-12.36715030670166},"rotation":{"x":-0.12043219059705734,"y":0.20163032412528993,"z":-0.024989603087306024,"w":-0.9717095494270325},"size":5.360347747802734,"orthographic":false}