{"cameraMode":{"drawMode":0,"name":"Shaded","section":"Shading Mode"},"sceneLighting":false,"audioPlay":false,"sceneViewState":{"showFog":true,"showMaterialUpdate":false,"showSkybox":true,"showFlares":true,"showImageEffects":true,"showParticleSystems":true},"in2DMode":false,"pivot":{"x":0.19798532128334046,"y":1.2613263130187989,"z":-0.010374128818511963},"rotation":{"x":0.05672634765505791,"y":-0.9187589883804321,"z":0.36356911063194277,"w":0.1433628350496292},"size":6.480649471282959,"orthographic":false}