{"cameraMode":{"drawMode":0,"name":"Shaded","section":"Shading Mode"},"sceneLighting":true,"audioPlay":false,"sceneViewState":{"showFog":true,"showMaterialUpdate":false,"showSkybox":true,"showFlares":true,"showImageEffects":true,"showParticleSystems":true},"in2DMode":false,"pivot":{"x":5.168115615844727,"y":-1.6471244096755982,"z":-9.134465217590332},"rotation":{"x":0.12290285527706146,"y":0.6207420229911804,"z":-0.0993456318974495,"w":0.7679318785667419},"size":13.011011123657227,"orthographic":false}