{"cameraMode":{"drawMode":0,"name":"Shaded","section":"Shading Mode"},"sceneLighting":false,"audioPlay":false,"sceneViewState":{"showFog":true,"showMaterialUpdate":false,"showSkybox":true,"showFlares":true,"showImageEffects":true,"showParticleSystems":true},"in2DMode":false,"pivot":{"x":9.118990898132325,"y":0.11698293685913086,"z":-15.567150115966797},"rotation":{"x":-0.06507156789302826,"y":-0.500572144985199,"z":0.03776943311095238,"w":-0.8624209761619568},"size":6.933216571807861,"orthographic":false}