{"cameraMode":{"drawMode":0,"name":"Shaded","section":"Shading Mode"},"sceneLighting":true,"audioPlay":false,"sceneViewState":{"showFog":true,"showMaterialUpdate":false,"showSkybox":true,"showFlares":true,"showImageEffects":true,"showParticleSystems":true},"in2DMode":false,"pivot":{"x":0.037747979164123538,"y":1.0615079402923585,"z":-8.517190933227539},"rotation":{"x":-0.019748589023947717,"y":0.07669170200824738,"z":-0.001550781656987965,"w":-0.9969041347503662},"size":7.822438716888428,"orthographic":false}