{"cameraMode":{"drawMode":0,"name":"Shaded","section":"Shading Mode"},"sceneLighting":true,"audioPlay":false,"sceneViewState":{"showFog":true,"showMaterialUpdate":false,"showSkybox":true,"showFlares":true,"showImageEffects":true,"showParticleSystems":true},"in2DMode":false,"pivot":{"x":0.43357035517692568,"y":3.445064067840576,"z":-16.483020782470704},"rotation":{"x":0.12504637241363526,"y":0.01934475265443325,"z":-0.0024388369638472797,"w":0.9919625520706177},"size":4.856194972991943,"orthographic":false}