{"cameraMode":{"drawMode":0,"name":"Shaded","section":"Shading Mode"},"sceneLighting":false,"audioPlay":false,"sceneViewState":{"showFog":true,"showMaterialUpdate":false,"showSkybox":true,"showFlares":true,"showImageEffects":true,"showParticleSystems":true},"in2DMode":false,"pivot":{"x":8.918293952941895,"y":12.254185676574707,"z":1.8654775619506837},"rotation":{"x":-0.24022504687309266,"y":0.27951037883758547,"z":0.07319194823503494,"w":0.9269089698791504},"size":23.66958999633789,"orthographic":false}