{"cameraMode":{"drawMode":0,"name":"Shaded","section":"Shading Mode"},"sceneLighting":true,"audioPlay":false,"sceneViewState":{"showFog":true,"showMaterialUpdate":false,"showSkybox":true,"showFlares":true,"showImageEffects":true,"showParticleSystems":true},"in2DMode":false,"pivot":{"x":-0.4988678991794586,"y":-2.8710970878601076,"z":-9.68045711517334},"rotation":{"x":0.026477454230189325,"y":-0.7129344940185547,"z":0.7002156972885132,"w":0.026958784088492395},"size":7.722723484039307,"orthographic":false}