{"cameraMode":{"drawMode":0,"name":"Shaded","section":"Shading Mode"},"sceneLighting":true,"audioPlay":false,"sceneViewState":{"showFog":true,"showMaterialUpdate":false,"showSkybox":true,"showFlares":true,"showImageEffects":true,"showParticleSystems":true},"in2DMode":false,"pivot":{"x":-0.6651747226715088,"y":1.6085492372512818,"z":4.598633289337158},"rotation":{"x":-0.08818477392196655,"y":0.107349693775177,"z":-0.009534293785691262,"w":-0.9903146624565125},"size":9.04324722290039,"orthographic":false}