{"cameraMode":{"drawMode":0,"name":"Shaded","section":"Shading Mode"},"sceneLighting":true,"audioPlay":false,"sceneViewState":{"showFog":true,"showMaterialUpdate":false,"showSkybox":true,"showFlares":true,"showImageEffects":true,"showParticleSystems":true},"in2DMode":false,"pivot":{"x":0.13103723526000977,"y":-0.060532569885253909,"z":-1.873652458190918},"rotation":{"x":-0.3078460395336151,"y":0.11521566659212113,"z":-0.03756292536854744,"w":-0.9437475800514221},"size":31.465665817260743,"orthographic":false}