{"cameraMode":{"drawMode":0,"name":"Shaded","section":"Shading Mode"},"sceneLighting":false,"audioPlay":false,"sceneViewState":{"showFog":true,"showMaterialUpdate":false,"showSkybox":true,"showFlares":true,"showImageEffects":true,"showParticleSystems":true},"in2DMode":false,"pivot":{"x":-1.4063407182693482,"y":1.7656068801879883,"z":-12.231066703796387},"rotation":{"x":-0.00029073204495944083,"y":0.34439805150032046,"z":-0.00010640707478160039,"w":-0.9388248920440674},"size":8.546520233154297,"orthographic":false}