{"cameraMode":{"drawMode":0,"name":"Shaded","section":"Shading Mode"},"sceneLighting":true,"audioPlay":false,"sceneViewState":{"showFog":true,"showMaterialUpdate":false,"showSkybox":true,"showFlares":true,"showImageEffects":true,"showParticleSystems":true},"in2DMode":false,"pivot":{"x":-0.18793657422065736,"y":2.214082717895508,"z":-10.044181823730469},"rotation":{"x":-0.08221529424190521,"y":0.7855182886123657,"z":-0.10695520788431168,"w":-0.6040273904800415},"size":4.827525615692139,"orthographic":false}